Lag1,Lag2,Lag3,Lag4,Lag5,Volume,Direction
0.816,1.5719999999999998,-3.9360000000000004,-0.22899999999999998,-3.484,0.154976,0
-0.27,0.816,1.5719999999999998,-3.9360000000000004,-0.22899999999999998,0.148574,0
-2.576,-0.27,0.816,1.5719999999999998,-3.9360000000000004,0.1598375,1
3.514,-2.576,-0.27,0.816,1.5719999999999998,0.16163,1
0.7120000000000001,3.514,-2.576,-0.27,0.816,0.153728,1
1.178,0.7120000000000001,3.514,-2.576,-0.27,0.154444,0
-1.3719999999999999,1.178,0.7120000000000001,3.514,-2.576,0.151722,1
0.807,-1.3719999999999999,1.178,0.7120000000000001,3.514,0.13230999999999998,1
0.040999999999999995,0.807,-1.3719999999999999,1.178,0.7120000000000001,0.143972,1
1.253,0.040999999999999995,0.807,-1.3719999999999999,1.178,0.133635,0
-2.678,1.253,0.040999999999999995,0.807,-1.3719999999999999,0.149024,0
-1.7930000000000001,-2.678,1.253,0.040999999999999995,0.807,0.13579000000000002,1
2.82,-1.7930000000000001,-2.678,1.253,0.040999999999999995,0.139898,1
4.022,2.82,-1.7930000000000001,-2.678,1.253,0.16434200000000002,1
0.75,4.022,2.82,-1.7930000000000001,-2.678,0.175648,0
-0.017,0.75,4.022,2.82,-1.7930000000000001,0.16347,1
2.42,-0.017,0.75,4.022,2.82,0.172625,0
-1.225,2.42,-0.017,0.75,4.022,0.168446,1
1.171,-1.225,2.42,-0.017,0.75,0.155292,0
-2.061,1.171,-1.225,2.42,-0.017,0.14339200000000002,1
0.7290000000000001,-2.061,1.171,-1.225,2.42,0.14055399999999998,1
0.11199999999999999,0.7290000000000001,-2.061,1.171,-1.225,0.125075,1
2.48,0.11199999999999999,0.7290000000000001,-2.061,1.171,0.171604,0
-1.5519999999999998,2.48,0.11199999999999999,0.7290000000000001,-2.061,0.166956,0
-2.259,-1.5519999999999998,2.48,0.11199999999999999,0.7290000000000001,0.171718,0
-2.428,-2.259,-1.5519999999999998,2.48,0.11199999999999999,0.20981599999999997,0
-2.708,-2.428,-2.259,-1.5519999999999998,2.48,0.192706,0
-2.292,-2.708,-2.428,-2.259,-1.5519999999999998,0.148252,0
-4.978,-2.292,-2.708,-2.428,-2.259,0.189858,1
3.5469999999999997,-4.978,-2.292,-2.708,-2.428,0.127884,1
0.26,3.5469999999999997,-4.978,-2.292,-2.708,0.1157425,0
-2.032,0.26,3.5469999999999997,-4.978,-2.292,0.123924,0
-1.739,-2.032,0.26,3.5469999999999997,-4.978,0.149082,0
-1.693,-1.739,-2.032,0.26,3.5469999999999997,0.17185599999999998,1
1.781,-1.693,-1.739,-2.032,0.26,0.16497,0
-3.682,1.781,-1.693,-1.739,-2.032,0.156454,1
4.15,-3.682,1.781,-1.693,-1.739,0.18028,0
-2.487,4.15,-3.682,1.781,-1.693,0.143978,1
2.343,-2.487,4.15,-3.682,1.781,0.154292,1
0.606,2.343,-2.487,4.15,-3.682,0.148006,1
1.077,0.606,2.343,-2.487,4.15,0.16355,0
-0.637,1.077,0.606,2.343,-2.487,0.1265325,1
2.26,-0.637,1.077,0.606,2.343,0.151578,1
1.716,2.26,-0.637,1.077,0.606,0.197994,0
-0.284,1.716,2.26,-0.637,1.077,0.155874,1
1.508,-0.284,1.716,2.26,-0.637,0.1767,0
-0.9129999999999999,1.508,-0.284,1.716,2.26,0.087465,0
-2.349,-0.9129999999999999,1.508,-0.284,1.716,0.13067,0
-1.798,-2.349,-0.9129999999999999,1.508,-0.284,0.142532,1
5.393,-1.798,-2.349,-0.9129999999999999,1.508,0.182248,1
1.156,5.393,-1.798,-2.349,-0.9129999999999999,0.179894,1
2.077,1.156,5.393,-1.798,-2.349,0.194998,1
4.751,2.077,1.156,5.393,-1.798,0.259656,1
2.702,4.751,2.077,1.156,5.393,0.23814000000000002,0
-0.924,2.702,4.751,2.077,1.156,0.19377750000000002,1
1.318,-0.924,2.702,4.751,2.077,0.202784,1
1.209,1.318,-0.924,2.702,4.751,0.223946,0
-0.363,1.209,1.318,-0.924,2.702,0.196752,0
-1.635,-0.363,1.209,1.318,-0.924,0.17954,1
2.106,-1.635,-0.363,1.209,1.318,0.176305,1
0.037000000000000005,2.106,-1.635,-0.363,1.209,0.186558,1
1.3430000000000002,0.037000000000000005,2.106,-1.635,-0.363,0.174328,1
0.9990000000000001,1.3430000000000002,0.037000000000000005,2.106,-1.635,0.20722800000000002,0
-1.348,0.9990000000000001,1.3430000000000002,0.037000000000000005,2.106,0.164108,1
0.47,-1.348,0.9990000000000001,1.3430000000000002,0.037000000000000005,0.176646,0
-1.329,0.47,-1.348,0.9990000000000001,1.3430000000000002,0.158566,0
-0.892,-1.329,0.47,-1.348,0.9990000000000001,0.17185799999999998,1
1.37,-0.892,-1.329,0.47,-1.348,0.148632,1
3.2689999999999997,1.37,-0.892,-1.329,0.47,0.20432,0
-2.668,3.2689999999999997,1.37,-0.892,-1.329,0.175766,1
0.754,-2.668,3.2689999999999997,1.37,-0.892,0.153814,0
-1.188,0.754,-2.668,3.2689999999999997,1.37,0.160632,0
-1.745,-1.188,0.754,-2.668,3.2689999999999997,0.16153399999999998,1
0.787,-1.745,-1.188,0.754,-2.668,0.13381500000000002,1
1.649,0.787,-1.745,-1.188,0.754,0.160228,1
1.044,1.649,0.787,-1.745,-1.188,0.186366,0
-0.856,1.044,1.649,0.787,-1.745,0.1483,1
1.641,-0.856,1.044,1.649,0.787,0.160944,0
-0.015,1.641,-0.856,1.044,1.649,0.156472,0
-0.39799999999999996,-0.015,1.641,-0.856,1.044,0.16932,1
2.228,-0.39799999999999996,-0.015,1.641,-0.856,0.201852,1
0.32,2.228,-0.39799999999999996,-0.015,1.641,0.148544,0
-1.601,0.32,2.228,-0.39799999999999996,-0.015,0.16001500000000002,0
-1.416,-1.601,0.32,2.228,-0.39799999999999996,0.147308,1
1.129,-1.416,-1.601,0.32,2.228,0.189554,0
-0.521,1.129,-1.416,-1.601,0.32,0.157968,0
-1.205,-0.521,1.129,-1.416,-1.601,0.163018,1
0.052000000000000005,-1.205,-0.521,1.129,-1.416,0.16507,1
2.897,0.052000000000000005,-1.205,-0.521,1.129,0.195832,0
-2.115,2.897,0.052000000000000005,-1.205,-0.521,0.176008,1
1.8530000000000002,-2.115,2.897,0.052000000000000005,-1.205,0.18706,1
0.401,1.8530000000000002,-2.115,2.897,0.052000000000000005,0.176786,0
-2.614,0.401,1.8530000000000002,-2.115,2.897,0.19034600000000002,0
-1.694,-2.614,0.401,1.8530000000000002,-2.115,0.21239,0
-0.245,-1.694,-2.614,0.401,1.8530000000000002,0.15855750000000002,1
1.034,-0.245,-1.694,-2.614,0.401,0.18582200000000001,1
1.4169999999999998,1.034,-0.245,-1.694,-2.614,0.19250599999999998,1
0.6679999999999999,1.4169999999999998,1.034,-0.245,-1.694,0.214454,1
5.018,0.6679999999999999,1.4169999999999998,1.034,-0.245,0.17468,1
3.1689999999999996,5.018,0.6679999999999999,1.4169999999999998,1.034,0.23113000000000003,0
-1.011,3.1689999999999996,5.018,0.6679999999999999,1.4169999999999998,0.264644,1
0.9059999999999999,-1.011,3.1689999999999996,5.018,0.6679999999999999,0.280922,0
-0.807,0.9059999999999999,-1.011,3.1689999999999996,5.018,0.2152,0
-1.6130000000000002,-0.807,0.9059999999999999,-1.011,3.1689999999999996,0.21012199999999998,1
0.565,-1.6130000000000002,-0.807,0.9059999999999999,-1.011,0.23091599999999998,1
0.33799999999999997,0.565,-1.6130000000000002,-0.807,0.9059999999999999,0.21332800000000002,0
-0.255,0.33799999999999997,0.565,-1.6130000000000002,-0.807,0.24989250000000002,1
0.309,-0.255,0.33799999999999997,0.565,-1.6130000000000002,0.209364,0
-2.001,0.309,-0.255,0.33799999999999997,0.565,0.19581800000000002,1
0.34600000000000003,-2.001,0.309,-0.255,0.33799999999999997,0.18163800000000002,1
1.345,0.34600000000000003,-2.001,0.309,-0.255,0.195688,0
-1.896,1.345,0.34600000000000003,-2.001,0.309,0.176834,0
-0.483,-1.896,1.345,0.34600000000000003,-2.001,0.175334,1
0.682,-0.483,-1.896,1.345,0.34600000000000003,0.21307199999999998,1
2.906,0.682,-0.483,-1.896,1.345,0.2093025,0
-1.6869999999999998,2.906,0.682,-0.483,-1.896,0.212092,1
0.858,-1.6869999999999998,2.906,0.682,-0.483,0.193976,1
0.853,0.858,-1.6869999999999998,2.906,0.682,0.182548,0
-1.433,0.853,0.858,-1.6869999999999998,2.906,0.181268,1
0.958,-1.433,0.853,0.858,-1.6869999999999998,0.173652,1
0.321,0.958,-1.433,0.853,0.858,0.1948125,0
-0.45,0.321,0.958,-1.433,0.853,0.200526,0
-0.9,-0.45,0.321,0.958,-1.433,0.18996,0
-1.486,-0.9,-0.45,0.321,0.958,0.20906,0
-0.054000000000000006,-1.486,-0.9,-0.45,0.321,0.177964,1
2.062,-0.054000000000000006,-1.486,-0.9,-0.45,0.20168250000000001,1
0.6920000000000001,2.062,-0.054000000000000006,-1.486,-0.9,0.19735,1
0.24100000000000002,0.6920000000000001,2.062,-0.054000000000000006,-1.486,0.190004,0
-0.9670000000000001,0.24100000000000002,0.6920000000000001,2.062,-0.054000000000000006,0.173812,1
3.0639999999999996,-0.9670000000000001,0.24100000000000002,0.6920000000000001,2.062,0.204988,0
-1.256,3.0639999999999996,-0.9670000000000001,0.24100000000000002,0.6920000000000001,0.17515,1
0.24600000000000002,-1.256,3.0639999999999996,-0.9670000000000001,0.24100000000000002,0.16910999999999998,0
-1.205,0.24600000000000002,-1.256,3.0639999999999996,-0.9670000000000001,0.179974,0
-0.002,-1.205,0.24600000000000002,-1.256,3.0639999999999996,0.174234,1
0.54,-0.002,-1.205,0.24600000000000002,-1.256,0.171704,1
0.599,0.54,-0.002,-1.205,0.24600000000000002,0.1856975,1
0.7979999999999999,0.599,0.54,-0.002,-1.205,0.223992,0
-2.029,0.7979999999999999,0.599,0.54,-0.002,0.19001600000000002,0
-0.9359999999999999,-2.029,0.7979999999999999,0.599,0.54,0.181358,0
-1.903,-0.9359999999999999,-2.029,0.7979999999999999,0.599,0.21167399999999997,1
2.253,-1.903,-0.9359999999999999,-2.029,0.7979999999999999,0.187746,1
0.5760000000000001,2.253,-1.903,-0.9359999999999999,-2.029,0.22298400000000002,1
1.1059999999999999,0.5760000000000001,2.253,-1.903,-0.9359999999999999,0.200436,0
-0.263,1.1059999999999999,0.5760000000000001,2.253,-1.903,0.20617199999999997,1
1.161,-0.263,1.1059999999999999,0.5760000000000001,2.253,0.21669000000000002,1
0.9990000000000001,1.161,-0.263,1.1059999999999999,0.5760000000000001,0.211304,1
0.823,0.9990000000000001,1.161,-0.263,1.1059999999999999,0.1869475,1
0.442,0.823,0.9990000000000001,1.161,-0.263,0.241844,1
0.387,0.442,0.823,0.9990000000000001,1.161,0.217448,1
1.7409999999999999,0.387,0.442,0.823,0.9990000000000001,0.25957600000000003,0
-0.342,1.7409999999999999,0.387,0.442,0.823,0.20112249999999998,0
-0.9229999999999999,-0.342,1.7409999999999999,0.387,0.442,0.17686749999999998,0
-1.5290000000000001,-0.9229999999999999,-0.342,1.7409999999999999,0.387,0.261024,1
1.8880000000000001,-1.5290000000000001,-0.9229999999999999,-0.342,1.7409999999999999,0.258536,0
-0.23800000000000002,1.8880000000000001,-1.5290000000000001,-0.9229999999999999,-0.342,0.2598,1
0.612,-0.23800000000000002,1.8880000000000001,-1.5290000000000001,-0.9229999999999999,0.27681,1
2.313,0.612,-0.23800000000000002,1.8880000000000001,-1.5290000000000001,0.306278,0
-0.9690000000000001,2.313,0.612,-0.23800000000000002,1.8880000000000001,0.241944,0
-2.33,-0.9690000000000001,2.313,0.612,-0.23800000000000002,0.314235,1
2.11,-2.33,-0.9690000000000001,2.313,0.612,0.28888,1
0.616,2.11,-2.33,-0.9690000000000001,2.313,0.253458,1
0.8340000000000001,0.616,2.11,-2.33,-0.9690000000000001,0.26681,1
0.078,0.8340000000000001,0.616,2.11,-2.33,0.24737199999999998,0
-0.5329999999999999,0.078,0.8340000000000001,0.616,2.11,0.24368,0
-1.4269999999999998,-0.5329999999999999,0.078,0.8340000000000001,0.616,0.25364200000000003,1
0.102,-1.4269999999999998,-0.5329999999999999,0.078,0.8340000000000001,0.2935325,1
1.607,0.102,-1.4269999999999998,-0.5329999999999999,0.078,0.27367600000000003,0
-2.653,1.607,0.102,-1.4269999999999998,-0.5329999999999999,0.28404,1
0.723,-2.653,1.607,0.102,-1.4269999999999998,0.26652,1
0.48200000000000004,0.723,-2.653,1.607,0.102,0.24931,0
-0.622,0.48200000000000004,0.723,-2.653,1.607,0.251314,1
1.429,-0.622,0.48200000000000004,0.723,-2.653,0.280516,1
0.976,1.429,-0.622,0.48200000000000004,0.723,0.24058800000000002,0
-0.028999999999999998,0.976,1.429,-0.622,0.48200000000000004,0.259315,0
-0.622,-0.028999999999999998,0.976,1.429,-0.622,0.24318800000000002,0
-0.8,-0.622,-0.028999999999999998,0.976,1.429,0.250472,1
0.884,-0.8,-0.622,-0.028999999999999998,0.976,0.247864,0
-0.39299999999999996,0.884,-0.8,-0.622,-0.028999999999999998,0.262462,1
0.509,-0.39299999999999996,0.884,-0.8,-0.622,0.251525,0
-0.527,0.509,-0.39299999999999996,0.884,-0.8,0.255474,1
0.303,-0.527,0.509,-0.39299999999999996,0.884,0.248836,1
0.23,0.303,-0.527,0.509,-0.39299999999999996,0.253618,1
0.12300000000000001,0.23,0.303,-0.527,0.509,0.23931999999999998,1
0.325,0.12300000000000001,0.23,0.303,-0.527,0.2499,1
1.337,0.325,0.12300000000000001,0.23,0.303,0.275606,1
0.96,1.337,0.325,0.12300000000000001,0.23,0.24701199999999998,1
0.174,0.96,1.337,0.325,0.12300000000000001,0.229816,1
0.08199999999999999,0.174,0.96,1.337,0.325,0.260155,0
-0.626,0.08199999999999999,0.174,0.96,1.337,0.28181999999999996,0
-0.262,-0.626,0.08199999999999999,0.174,0.96,0.270804,1
0.7979999999999999,-0.262,-0.626,0.08199999999999999,0.174,0.260758,0
-0.21,0.7979999999999999,-0.262,-0.626,0.08199999999999999,0.259966,1
1.996,-0.21,0.7979999999999999,-0.262,-0.626,0.29131999999999997,0
-1.327,1.996,-0.21,0.7979999999999999,-0.262,0.306138,1
0.9840000000000001,-1.327,1.996,-0.21,0.7979999999999999,0.279292,0
-1.766,0.9840000000000001,-1.327,1.996,-0.21,0.312648,1
1.266,-1.766,0.9840000000000001,-1.327,1.996,0.280842,0
-0.599,1.266,-1.766,0.9840000000000001,-1.327,0.297682,1
0.099,-0.599,1.266,-1.766,0.9840000000000001,0.21534499999999998,1
0.395,0.099,-0.599,1.266,-1.766,0.275594,0
-0.207,0.395,0.099,-0.599,1.266,0.285142,1
0.528,-0.207,0.395,0.099,-0.599,0.302354,1
0.214,0.528,-0.207,0.395,0.099,0.2572375,0
-0.19899999999999998,0.214,0.528,-0.207,0.395,0.201236,1
0.74,-0.19899999999999998,0.214,0.528,-0.207,0.33753,1
1.0659999999999998,0.74,-0.19899999999999998,0.214,0.528,0.303712,0
-0.04,1.0659999999999998,0.74,-0.19899999999999998,0.214,0.302198,1
0.838,-0.04,1.0659999999999998,0.74,-0.19899999999999998,0.31746399999999997,0
-1.857,0.838,-0.04,1.0659999999999998,0.74,0.334214,1
0.079,-1.857,0.838,-0.04,1.0659999999999998,0.30802199999999996,0
-0.53,0.079,-1.857,0.838,-0.04,0.299734,0
-0.34600000000000003,-0.53,0.079,-1.857,0.838,0.2993575,0
-0.285,-0.34600000000000003,-0.53,0.079,-1.857,0.307582,1
0.366,-0.285,-0.34600000000000003,-0.53,0.079,0.313354,1
0.99,0.366,-0.285,-0.34600000000000003,-0.53,0.327542,0
-2.225,0.99,0.366,-0.285,-0.34600000000000003,0.2729,0
-3.216,-2.225,0.99,0.366,-0.285,0.3467025,1
0.298,-3.216,-2.225,0.99,0.366,0.31315,0
-0.20600000000000002,0.298,-3.216,-2.225,0.99,0.272776,1
0.325,-0.20600000000000002,0.298,-3.216,-2.225,0.327154,1
0.733,0.325,-0.20600000000000002,0.298,-3.216,0.2924025,0
-0.685,0.733,0.325,-0.20600000000000002,0.298,0.279988,0
-0.8220000000000001,-0.685,0.733,0.325,-0.20600000000000002,0.270154,1
2.427,-0.8220000000000001,-0.685,0.733,0.325,0.296502,1
0.53,2.427,-0.8220000000000001,-0.685,0.733,0.24520999999999998,1
0.612,0.53,2.427,-0.8220000000000001,-0.685,0.25993249999999996,0
-0.317,0.612,0.53,2.427,-0.8220000000000001,0.245022,0
-0.048,-0.317,0.612,0.53,2.427,0.286354,0
-3.4139999999999997,-0.048,-0.317,0.612,0.53,0.25942,1
0.768,-3.4139999999999997,-0.048,-0.317,0.612,0.254938,1
0.7509999999999999,0.768,-3.4139999999999997,-0.048,-0.317,0.231975,1
1.025,0.7509999999999999,0.768,-3.4139999999999997,-0.048,0.26785,0
-0.231,1.025,0.7509999999999999,0.768,-3.4139999999999997,0.26011,1
1.137,-0.231,1.025,0.7509999999999999,0.768,0.24267399999999997,0
-0.255,1.137,-0.231,1.025,0.7509999999999999,0.27123600000000003,1
1.061,-0.255,1.137,-0.231,1.025,0.256258,1
0.377,1.061,-0.255,1.137,-0.231,0.280612,1
2.1830000000000003,0.377,1.061,-0.255,1.137,0.288594,0
-0.593,2.1830000000000003,0.377,1.061,-0.255,0.282846,0
-0.597,-0.593,2.1830000000000003,0.377,1.061,0.2695925,1
0.643,-0.597,-0.593,2.1830000000000003,0.377,0.30564,0
-2.445,0.643,-0.597,-0.593,2.1830000000000003,0.312052,1
0.6609999999999999,-2.445,0.643,-0.597,-0.593,0.297412,0
-1.645,0.6609999999999999,-2.445,0.643,-0.597,0.302254,1
3.076,-1.645,0.6609999999999999,-2.445,0.643,0.285574,0
-0.897,3.076,-1.645,0.6609999999999999,-2.445,0.292404,1
1.91,-0.897,3.076,-1.645,0.6609999999999999,0.328144,0
-2.425,1.91,-0.897,3.076,-1.645,0.30296999999999996,1
0.015,-2.425,1.91,-0.897,3.076,0.27707600000000004,0
-0.19,0.015,-2.425,1.91,-0.897,0.314746,0
-1.989,-0.19,0.015,-2.425,1.91,0.3073375,1
0.223,-1.989,-0.19,0.015,-2.425,0.28428400000000004,0
-1.399,0.223,-1.989,-0.19,0.015,0.30792800000000004,1
2.6489999999999996,-1.399,0.223,-1.989,-0.19,0.352498,1
0.22399999999999998,2.6489999999999996,-1.399,0.223,-1.989,0.30287600000000003,0
-0.122,0.22399999999999998,2.6489999999999996,-1.399,0.223,0.2410875,1
0.307,-0.122,0.22399999999999998,2.6489999999999996,-1.399,0.29977,1
1.148,0.307,-0.122,0.22399999999999998,2.6489999999999996,0.325466,0
-0.255,1.148,0.307,-0.122,0.22399999999999998,0.33348,1
1.207,-0.255,1.148,0.307,-0.122,0.32562199999999997,1
1.756,1.207,-0.255,1.148,0.307,0.377712,1
0.5870000000000001,1.756,1.207,-0.255,1.148,0.315984,1
0.106,0.5870000000000001,1.756,1.207,-0.255,0.328798,1
1.274,0.106,0.5870000000000001,1.756,1.207,0.33619,0
-0.551,1.274,0.106,0.5870000000000001,1.756,0.32529600000000003,1
0.855,-0.551,1.274,0.106,0.5870000000000001,0.341292,1
1.215,0.855,-0.551,1.274,0.106,0.337006,1
1.1,1.215,0.855,-0.551,1.274,0.33177399999999996,0
-0.052000000000000005,1.1,1.215,0.855,-0.551,0.34371399999999996,1
1.14,-0.052000000000000005,1.1,1.215,0.855,0.31548000000000004,1
0.555,1.14,-0.052000000000000005,1.1,1.215,0.300275,0
-0.145,0.555,1.14,-0.052000000000000005,1.1,0.365672,1
1.2229999999999999,-0.145,0.555,1.14,-0.052000000000000005,0.340034,1
1.051,1.2229999999999999,-0.145,0.555,1.14,0.35382600000000003,1
1.044,1.051,1.2229999999999999,-0.145,0.555,0.3472,0
-1.21,1.044,1.051,1.2229999999999999,-0.145,0.347252,1
0.8590000000000001,-1.21,1.044,1.051,1.2229999999999999,0.33462,1
1.692,0.8590000000000001,-1.21,1.044,1.051,0.33828,0
-0.858,1.692,0.8590000000000001,-1.21,1.044,0.32465,1
2.252,-0.858,1.692,0.8590000000000001,-1.21,0.347558,1
1.83,2.252,-0.858,1.692,0.8590000000000001,0.369246,0
-0.902,1.83,2.252,-0.858,1.692,0.327292,1
2.133,-0.902,1.83,2.252,-0.858,0.3406975,1
0.633,2.133,-0.902,1.83,2.252,0.380652,0
-1.12,0.633,2.133,-0.902,1.83,0.399966,1
1.682,-1.12,0.633,2.133,-0.902,0.350026,0
-0.7090000000000001,1.682,-1.12,0.633,2.133,0.333268,0
-0.685,-0.7090000000000001,1.682,-1.12,0.633,0.29220799999999997,1
0.7390000000000001,-0.685,-0.7090000000000001,1.682,-1.12,0.332022,1
0.159,0.7390000000000001,-0.685,-0.7090000000000001,1.682,0.288234,1
0.6679999999999999,0.159,0.7390000000000001,-0.685,-0.7090000000000001,0.29332800000000003,1
1.568,0.6679999999999999,0.159,0.7390000000000001,-0.685,0.33546750000000003,1
1.8630000000000002,1.568,0.6679999999999999,0.159,0.7390000000000001,0.373602,0
-0.278,1.8630000000000002,1.568,0.6679999999999999,0.159,0.36704000000000003,1
0.461,-0.278,1.8630000000000002,1.568,0.6679999999999999,0.350204,0
-0.32899999999999996,0.461,-0.278,1.8630000000000002,1.568,0.342294,1
0.345,-0.32899999999999996,0.461,-0.278,1.8630000000000002,0.349502,1
0.506,0.345,-0.32899999999999996,0.461,-0.278,0.37287600000000004,0
-1.321,0.506,0.345,-0.32899999999999996,0.461,0.40468200000000004,1
1.875,-1.321,0.506,0.345,-0.32899999999999996,0.36404200000000003,1
0.364,1.875,-1.321,0.506,0.345,0.342602,1
1.24,0.364,1.875,-1.321,0.506,0.377368,0
-0.017,1.24,0.364,1.875,-1.321,0.31808000000000003,1
1.168,-0.017,1.24,0.364,1.875,0.399926,1
1.73,1.168,-0.017,1.24,0.364,0.393556,0
-0.185,1.73,1.168,-0.017,1.24,0.44186400000000003,0
-0.7120000000000001,-0.185,1.73,1.168,-0.017,0.409528,1
0.65,-0.7120000000000001,-0.185,1.73,1.168,0.2698725,1
0.127,0.65,-0.7120000000000001,-0.185,1.73,0.445705,0
-2.416,0.127,0.65,-0.7120000000000001,-0.185,0.367358,1
1.665,-2.416,0.127,0.65,-0.7120000000000001,0.42765,1
1.6,1.665,-2.416,0.127,0.65,0.42606000000000005,1
2.2880000000000003,1.6,1.665,-2.416,0.127,0.43626800000000004,1
3.2289999999999996,2.2880000000000003,1.6,1.665,-2.416,0.451808,0
-1.278,3.2289999999999996,2.2880000000000003,1.6,1.665,0.424422,1
1.713,-1.278,3.2289999999999996,2.2880000000000003,1.6,0.4389325,0
-2.2319999999999998,1.713,-1.278,3.2289999999999996,2.2880000000000003,0.440622,0
-1.6869999999999998,-2.2319999999999998,1.713,-1.278,3.2289999999999996,0.45270600000000005,1
1.252,-1.6869999999999998,-2.2319999999999998,1.713,-1.278,0.46802200000000005,1
1.433,1.252,-1.6869999999999998,-2.2319999999999998,1.713,0.39635,0
-0.787,1.433,1.252,-1.6869999999999998,-2.2319999999999998,0.385466,1
1.605,-0.787,1.433,1.252,-1.6869999999999998,0.39219499999999996,0
-2.92,1.605,-0.787,1.433,1.252,0.449346,1
1.3130000000000002,-2.92,1.605,-0.787,1.433,0.42314399999999996,1
1.301,1.3130000000000002,-2.92,1.605,-0.787,0.44138599999999995,0
-1.81,1.301,1.3130000000000002,-2.92,1.605,0.403802,1
1.63,-1.81,1.301,1.3130000000000002,-2.92,0.422946,1
2.5789999999999997,1.63,-1.81,1.301,1.3130000000000002,0.424724,1
1.435,2.5789999999999997,1.63,-1.81,1.301,0.395856,0
-1.3840000000000001,1.435,2.5789999999999997,1.63,-1.81,0.35548,1
0.626,-1.3840000000000001,1.435,2.5789999999999997,1.63,0.39950399999999997,0
-1.1079999999999999,0.626,-1.3840000000000001,1.435,2.5789999999999997,0.385662,1
0.149,-1.1079999999999999,0.626,-1.3840000000000001,1.435,0.40334200000000003,1
0.568,0.149,-1.1079999999999999,0.626,-1.3840000000000001,0.39766,0
-1.9669999999999999,0.568,0.149,-1.1079999999999999,0.626,0.31287,0
-1.7109999999999999,-1.9669999999999999,0.568,0.149,-1.1079999999999999,0.42125799999999997,0
-1.1540000000000001,-1.7109999999999999,-1.9669999999999999,0.568,0.149,0.499672,0
-0.44299999999999995,-1.1540000000000001,-1.7109999999999999,-1.9669999999999999,0.568,0.393504,1
4.181,-0.44299999999999995,-1.1540000000000001,-1.7109999999999999,-1.9669999999999999,0.38148000000000004,0
-0.059000000000000004,4.181,-0.44299999999999995,-1.1540000000000001,-1.7109999999999999,0.342144,1
0.47,-0.059000000000000004,4.181,-0.44299999999999995,-1.1540000000000001,0.33594,1
0.27399999999999997,0.47,-0.059000000000000004,4.181,-0.44299999999999995,0.328164,0
-2.255,0.27399999999999997,0.47,-0.059000000000000004,4.181,0.293578,1
0.5660000000000001,-2.255,0.27399999999999997,0.47,-0.059000000000000004,0.3517925,1
3.7910000000000004,0.5660000000000001,-2.255,0.27399999999999997,0.47,0.38971,1
0.9540000000000001,3.7910000000000004,0.5660000000000001,-2.255,0.27399999999999997,0.438906,0
-0.122,0.9540000000000001,3.7910000000000004,0.5660000000000001,-2.255,0.42505,1
2.225,-0.122,0.9540000000000001,3.7910000000000004,0.5660000000000001,0.420138,0
-0.114,2.225,-0.122,0.9540000000000001,3.7910000000000004,0.403054,1
1.45,-0.114,2.225,-0.122,0.9540000000000001,0.434792,0
-1.393,1.45,-0.114,2.225,-0.122,0.41084,1
0.40700000000000003,-1.393,1.45,-0.114,2.225,0.442726,1
3.844,0.40700000000000003,-1.393,1.45,-0.114,0.45998,1
0.93,3.844,0.40700000000000003,-1.393,1.45,0.45299799999999996,1
1.506,0.93,3.844,0.40700000000000003,-1.393,0.46760799999999997,1
1.107,1.506,0.93,3.844,0.40700000000000003,0.3488525,0
-2.301,1.107,1.506,0.93,3.844,0.48229799999999995,0
-1.482,-2.301,1.107,1.506,0.93,0.454672,1
2.7760000000000002,-1.482,-2.301,1.107,1.506,0.529728,1
1.058,2.7760000000000002,-1.482,-2.301,1.107,0.254215,0
-1.158,1.058,2.7760000000000002,-1.482,-2.301,0.41375500000000004,1
1.5330000000000001,-1.158,1.058,2.7760000000000002,-1.482,0.54566,1
2.195,1.5330000000000001,-1.158,1.058,2.7760000000000002,0.514784,0
-0.728,2.195,1.5330000000000001,-1.158,1.058,0.5657939999999999,1
2.03,-0.728,2.195,1.5330000000000001,-1.158,0.517688,1
0.43200000000000005,2.03,-0.728,2.195,1.5330000000000001,0.5222439999999999,1
2.396,0.43200000000000005,2.03,-0.728,2.195,0.520764,0
-0.83,2.396,0.43200000000000005,2.03,-0.728,0.4910325,0
-1.3659999999999999,-0.83,2.396,0.43200000000000005,2.03,0.507352,1
1.7890000000000001,-1.3659999999999999,-0.83,2.396,0.43200000000000005,0.511238,0
-1.466,1.7890000000000001,-1.3659999999999999,-0.83,2.396,0.490266,0
-1.1440000000000001,-1.466,1.7890000000000001,-1.3659999999999999,-0.83,0.526882,0
-1.3030000000000002,-1.1440000000000001,-1.466,1.7890000000000001,-1.3659999999999999,0.4807375,0
-2.065,-1.3030000000000002,-1.1440000000000001,-1.466,1.7890000000000001,0.51849,0
-2.6719999999999997,-2.065,-1.3030000000000002,-1.1440000000000001,-1.466,0.44445,1
3.889,-2.6719999999999997,-2.065,-1.3030000000000002,-1.1440000000000001,0.477138,0
-0.127,3.889,-2.6719999999999997,-2.065,-1.3030000000000002,0.46042799999999995,1
6.218999999999999,-0.127,3.889,-2.6719999999999997,-2.065,0.493676,1
1.453,6.218999999999999,-0.127,3.889,-2.6719999999999997,0.528696,1
0.603,1.453,6.218999999999999,-0.127,3.889,0.479808,1
2.083,0.603,1.453,6.218999999999999,-0.127,0.436138,1
0.14800000000000002,2.083,0.603,1.453,6.218999999999999,0.48082250000000004,1
1.147,0.14800000000000002,2.083,0.603,1.453,0.47426199999999996,1
4.11,1.147,0.14800000000000002,2.083,0.603,0.535014,1
0.608,4.11,1.147,0.14800000000000002,2.083,0.527816,0
-1.268,0.608,4.11,1.147,0.14800000000000002,0.5221899999999999,1
3.338,-1.268,0.608,4.11,1.147,0.501845,0
-0.026000000000000002,3.338,-1.268,0.608,4.11,0.537058,0
-0.151,-0.026000000000000002,3.338,-1.268,0.608,0.590136,1
2.5660000000000003,-0.151,-0.026000000000000002,3.338,-1.268,0.54971,1
0.889,2.5660000000000003,-0.151,-0.026000000000000002,3.338,0.528302,0
-1.436,0.889,2.5660000000000003,-0.151,-0.026000000000000002,0.537272,0
-3.5060000000000002,-1.436,0.889,2.5660000000000003,-0.151,0.5270279999999999,1
2.523,-3.5060000000000002,-1.436,0.889,2.5660000000000003,0.508078,0
-2.6060000000000003,2.523,-3.5060000000000002,-1.436,0.889,0.446092,1
3.2889999999999997,-2.6060000000000003,2.523,-3.5060000000000002,-1.436,0.5341600000000001,0
-0.5529999999999999,3.2889999999999997,-2.6060000000000003,2.523,-3.5060000000000002,0.521084,1
2.8789999999999996,-0.5529999999999999,3.2889999999999997,-2.6060000000000003,2.523,0.578566,0
-0.557,2.8789999999999996,-0.5529999999999999,3.2889999999999997,-2.6060000000000003,0.536702,1
2.096,-0.557,2.8789999999999996,-0.5529999999999999,3.2889999999999997,0.5522779999999999,1
0.20199999999999999,2.096,-0.557,2.8789999999999996,-0.5529999999999999,0.534644,0
-2.36,0.20199999999999999,2.096,-0.557,2.8789999999999996,0.518486,0
-0.267,-2.36,0.20199999999999999,2.096,-0.557,0.606116,0
-2.8689999999999998,-0.267,-2.36,0.20199999999999999,2.096,0.804848,1
1.409,-2.8689999999999998,-0.267,-2.36,0.20199999999999999,0.552976,1
0.091,1.409,-2.8689999999999998,-0.267,-2.36,0.554972,1
3.742,0.091,1.409,-2.8689999999999998,-0.267,0.57085,0
-0.7979999999999999,3.742,0.091,1.409,-2.8689999999999998,0.44490749999999996,1
2.972,-0.7979999999999999,3.742,0.091,1.409,0.597618,0
-3.09,2.972,-0.7979999999999999,3.742,0.091,0.568558,0
-0.693,-3.09,2.972,-0.7979999999999999,3.742,0.650288,0
-1.09,-0.693,-3.09,2.972,-0.7979999999999999,0.366655,1
4.12,-1.09,-0.693,-3.09,2.972,0.4441675,0
-4.856,4.12,-1.09,-0.693,-3.09,0.6624760000000001,1
3.6460000000000004,-4.856,4.12,-1.09,-0.693,0.6389199999999999,0
-0.408,3.6460000000000004,-4.856,4.12,-1.09,0.6383225,1
2.369,-0.408,3.6460000000000004,-4.856,4.12,0.661366,1
3.283,2.369,-0.408,3.6460000000000004,-4.856,0.677098,1
0.754,3.283,2.369,-0.408,3.6460000000000004,0.582066,1
1.3840000000000001,0.754,3.283,2.369,-0.408,0.5970025,1
1.463,1.3840000000000001,0.754,3.283,2.369,0.594544,1
0.605,1.463,1.3840000000000001,0.754,3.283,0.632376,1
1.224,0.605,1.463,1.3840000000000001,0.754,0.620924,1
2.859,1.224,0.605,1.463,1.3840000000000001,0.635636,0
-0.33799999999999997,2.859,1.224,0.605,1.463,0.620516,1
2.488,-0.33799999999999997,2.859,1.224,0.605,0.635572,0
-1.072,2.488,-0.33799999999999997,2.859,1.224,0.61546,1
1.085,-1.072,2.488,-0.33799999999999997,2.859,0.647018,0
-1.32,1.085,-1.072,2.488,-0.33799999999999997,0.65093,1
1.182,-1.32,1.085,-1.072,2.488,0.656184,0
-1.147,1.182,-1.32,1.085,-1.072,0.5784,1
0.053,-1.147,1.182,-1.32,1.085,0.593128,1
0.157,0.053,-1.147,1.182,-1.32,0.53368,0
-1.77,0.157,0.053,-1.147,1.182,0.5922824999999999,1
2.112,-1.77,0.157,0.053,-1.147,0.569796,0
-1.348,2.112,-1.77,0.157,0.053,0.595436,1
0.165,-1.348,2.112,-1.77,0.157,0.6621520000000001,1
2.957,0.165,-1.348,2.112,-1.77,0.6187,1
1.167,2.957,0.165,-1.348,2.112,0.63334,1
1.5619999999999998,1.167,2.957,0.165,-1.348,0.59731,1
1.926,1.5619999999999998,1.167,2.957,0.165,0.658982,0
-3.872,1.926,1.5619999999999998,1.167,2.957,0.680056,0
-1.765,-3.872,1.926,1.5619999999999998,1.167,0.66025,0
-2.786,-1.765,-3.872,1.926,1.5619999999999998,0.77042,0
-2.451,-2.786,-1.765,-3.872,1.926,0.674002,1
1.74,-2.451,-2.786,-1.765,-3.872,0.651188,0
-5.004,1.74,-2.451,-2.786,-1.765,0.7352,0
-5.184,-5.004,1.74,-2.451,-2.786,0.9379,1
3.611,-5.184,-5.004,1.74,-2.451,0.804625,1
1.093,3.611,-5.184,-5.004,1.74,0.7451399999999999,1
2.417,1.093,3.611,-5.184,-5.004,0.749436,0
-4.034,2.417,1.093,3.611,-5.184,0.81066,0
-1.8159999999999998,-4.034,2.417,1.093,3.611,0.92658,1
7.317,-1.8159999999999998,-4.034,2.417,1.093,0.8390799999999999,1
1.349,7.317,-1.8159999999999998,-4.034,2.417,0.766888,1
2.615,1.349,7.317,-1.8159999999999998,-4.034,0.707262,1
3.8539999999999996,2.615,1.349,7.317,-1.8159999999999998,0.7545,0
-1.34,3.8539999999999996,2.615,1.349,7.317,0.648912,1
3.361,-1.34,3.8539999999999996,2.615,1.349,0.673098,1
2.4730000000000003,3.361,-1.34,3.8539999999999996,2.615,0.5952075,0
-1.308,2.4730000000000003,3.361,-1.34,3.8539999999999996,0.74266,0
-0.8740000000000001,-1.308,2.4730000000000003,3.361,-1.34,0.70612,1
1.849,-0.8740000000000001,-1.308,2.4730000000000003,3.361,0.76484,1
3.219,1.849,-0.8740000000000001,-1.308,2.4730000000000003,0.592445,1
0.24100000000000002,3.219,1.849,-0.8740000000000001,-1.308,0.6078675,1
3.7310000000000003,0.24100000000000002,3.219,1.849,-0.8740000000000001,0.88794,0
-2.496,3.7310000000000003,0.24100000000000002,3.219,1.849,0.8290000000000001,0
-1.453,-2.496,3.7310000000000003,0.24100000000000002,3.219,0.837225,1
4.444,-1.453,-2.496,3.7310000000000003,0.24100000000000002,0.85598,0
-3.145,4.444,-1.453,-2.496,3.7310000000000003,0.84956,0
-0.748,-3.145,4.444,-1.453,-2.496,0.73402,1
0.7390000000000001,-0.748,-3.145,4.444,-1.453,0.707815,0
-0.07200000000000001,0.7390000000000001,-0.748,-3.145,4.444,0.76134,1
2.9989999999999997,-0.07200000000000001,0.7390000000000001,-0.748,-3.145,0.76212,1
1.499,2.9989999999999997,-0.07200000000000001,0.7390000000000001,-0.748,0.81816,1
0.363,1.499,2.9989999999999997,-0.07200000000000001,0.7390000000000001,0.79542,0
-1.2690000000000001,0.363,1.499,2.9989999999999997,-0.07200000000000001,0.74456,1
0.851,-1.2690000000000001,0.363,1.499,2.9989999999999997,0.77605,1
4.223,0.851,-1.2690000000000001,0.363,1.499,0.7732600000000001,0
-2.177,4.223,0.851,-1.2690000000000001,0.363,0.93316,1
2.87,-2.177,4.223,0.851,-1.2690000000000001,0.95852,0
-1.597,2.87,-2.177,4.223,0.851,0.8991,1
0.735,-1.597,2.87,-2.177,4.223,0.86966,0
-0.535,0.735,-1.597,2.87,-2.177,0.79192,0
-0.561,-0.535,0.735,-1.597,2.87,0.7317600000000001,0
-2.1390000000000002,-0.561,-0.535,0.735,-1.597,0.782712,1
1.99,-2.1390000000000002,-0.561,-0.535,0.735,0.706475,0
-2.569,1.99,-2.1390000000000002,-0.561,-0.535,0.68538,1
3.803,-2.569,1.99,-2.1390000000000002,-0.561,0.75752,0
-2.05,3.803,-2.569,1.99,-2.1390000000000002,0.689752,1
5.771,-2.05,3.803,-2.569,1.99,0.809396,1
0.867,5.771,-2.05,3.803,-2.569,0.761425,1
1.105,0.867,5.771,-2.05,3.803,0.74206,0
-4.359,1.105,0.867,5.771,-2.05,0.716982,0
-2.08,-4.359,1.105,0.867,5.771,0.70701,0
-2.14,-2.08,-4.359,1.105,0.867,0.74733,1
2.106,-2.14,-2.08,-4.359,1.105,0.75002,1
0.6729999999999999,2.106,-2.14,-2.08,-4.359,0.66065,1
0.872,0.6729999999999999,2.106,-2.14,-2.08,0.7137899999999999,1
0.665,0.872,0.6729999999999999,2.106,-2.14,0.70362,0
-0.41100000000000003,0.665,0.872,0.6729999999999999,2.106,0.772225,0
-1.2009999999999998,-0.41100000000000003,0.665,0.872,0.6729999999999999,0.75612,0
-4.348,-1.2009999999999998,-0.41100000000000003,0.665,0.872,0.79422,1
0.42700000000000005,-4.348,-1.2009999999999998,-0.41100000000000003,0.665,0.8871600000000001,1
4.148,0.42700000000000005,-4.348,-1.2009999999999998,-0.41100000000000003,0.8778600000000001,0
-6.632000000000001,4.148,0.42700000000000005,-4.348,-1.2009999999999998,0.81212,1
4.348,-6.632000000000001,4.148,0.42700000000000005,-4.348,0.9249799999999999,1
4.708,4.348,-6.632000000000001,4.148,0.42700000000000005,0.9722,1
0.536,4.708,4.348,-6.632000000000001,4.148,0.9337799999999999,1
1.885,0.536,4.708,4.348,-6.632000000000001,0.88746,1
1.858,1.885,0.536,4.708,4.348,0.9229,0
-0.37799999999999995,1.858,1.885,0.536,4.708,0.71163,1
1.177,-0.37799999999999995,1.858,1.885,0.536,0.92174,0
-1.1340000000000001,1.177,-0.37799999999999995,1.858,1.885,1.01378,1
0.282,-1.1340000000000001,1.177,-0.37799999999999995,1.858,1.09188,1
2.6260000000000003,0.282,-1.1340000000000001,1.177,-0.37799999999999995,0.861675,1
0.748,2.6260000000000003,0.282,-1.1340000000000001,1.177,0.574918,0
-1.891,0.748,2.6260000000000003,0.282,-1.1340000000000001,1.06876,1
1.643,-1.891,0.748,2.6260000000000003,0.282,1.0339399999999999,0
-1.624,1.643,-1.891,0.748,2.6260000000000003,1.11375,0
-5.6339999999999995,-1.624,1.643,-1.891,0.748,1.1064200000000002,1
4.721,-5.6339999999999995,-1.624,1.643,-1.891,1.041,0
-2.615,4.721,-5.6339999999999995,-1.624,1.643,1.02016,0
-2.958,-2.615,4.721,-5.6339999999999995,-1.624,1.02306,0
-0.946,-2.958,-2.615,4.721,-5.6339999999999995,1.063475,1
5.686,-0.946,-2.958,-2.615,4.721,1.17076,0
-1.001,5.686,-0.946,-2.958,-2.615,1.1615799999999998,1
4.975,-1.001,5.686,-0.946,-2.958,1.23806,1
4.301,4.975,-1.001,5.686,-0.946,1.03844,0
-1.891,4.301,4.975,-1.001,5.686,1.06856,1
1.186,-1.891,4.301,4.975,-1.001,1.109412,0
-10.538,1.186,-1.891,4.301,4.975,1.06254,1
5.747999999999999,-10.538,1.186,-1.891,4.301,1.052925,1
1.247,5.747999999999999,-10.538,1.186,-1.891,1.0070000000000001,0
-1.3630000000000002,1.247,5.747999999999999,-10.538,1.186,0.94014,0
-0.815,-1.3630000000000002,1.247,5.747999999999999,-10.538,0.90048,0
-0.986,-0.815,-1.3630000000000002,1.247,5.747999999999999,0.85844,0
-2.056,-0.986,-0.815,-1.3630000000000002,1.247,0.91966,1
7.202000000000001,-2.056,-0.986,-0.815,-1.3630000000000002,0.9818,0
-1.375,7.202000000000001,-2.056,-0.986,-0.815,0.85672,1
0.515,-1.375,7.202000000000001,-2.056,-0.986,0.9803799999999999,0
-1.569,0.515,-1.375,7.202000000000001,-2.056,0.96662,1
0.91,-1.569,0.515,-1.375,7.202000000000001,1.11944,1
1.671,0.91,-1.569,0.515,-1.375,0.83755,1
2.102,1.671,0.91,-1.569,0.515,0.9615600000000001,0
-1.973,2.102,1.671,0.91,-1.569,0.95132,0
-4.074,-1.973,2.102,1.671,0.91,1.0443799999999999,1
3.031,-4.074,-1.973,2.102,1.671,0.9874799999999999,1
0.609,3.031,-4.074,-1.973,2.102,0.9354600000000001,1
1.351,0.609,3.031,-4.074,-1.973,0.87066,1
0.987,1.351,0.609,3.031,-4.074,0.78882,1
0.951,0.987,1.351,0.609,3.031,0.8343799999999999,0
-1.7269999999999999,0.951,0.987,1.351,0.609,0.945025,0
-1.92,-1.7269999999999999,0.951,0.987,1.351,1.04824,0
-1.166,-1.92,-1.7269999999999999,0.951,0.987,1.07646,0
-0.843,-1.166,-1.92,-1.7269999999999999,0.951,1.1334,0
-1.916,-0.843,-1.166,-1.92,-1.7269999999999999,1.12858,0
-2.471,-1.916,-0.843,-1.166,-1.92,1.15212,1
1.656,-2.471,-1.916,-0.843,-1.166,1.21678,0
-1.242,1.656,-2.471,-1.916,-0.843,1.18222,1
3.415,-1.242,1.656,-2.471,-1.916,1.18502,0
-4.255,3.415,-1.242,1.656,-2.471,0.9589200000000001,1
0.127,-4.255,3.415,-1.242,1.656,1.0683200000000002,0
-1.8969999999999998,0.127,-4.255,3.415,-1.242,0.8652424999999999,0
-1.9780000000000002,-1.8969999999999998,0.127,-4.255,3.415,0.951626,1
4.156000000000001,-1.9780000000000002,-1.8969999999999998,0.127,-4.255,1.1777799999999998,0
-4.215,4.156000000000001,-1.9780000000000002,-1.8969999999999998,0.127,1.22066,0
-0.473,-4.215,4.156000000000001,-1.9780000000000002,-1.8969999999999998,1.2946799999999998,1
1.097,-0.473,-4.215,4.156000000000001,-1.9780000000000002,0.9875,0
-1.661,1.097,-0.473,-4.215,4.156000000000001,1.642975,1
1.556,-1.661,1.097,-0.473,-4.215,1.2581,1
1.819,1.556,-1.661,1.097,-0.473,1.3519,1
0.924,1.819,1.556,-1.661,1.097,1.21232,0
-0.40399999999999997,0.924,1.819,1.556,-1.661,1.1330799999999999,0
-2.572,-0.40399999999999997,0.924,1.819,1.556,1.0827200000000001,0
-1.006,-2.572,-0.40399999999999997,0.924,1.819,1.1351,0
-4.277,-1.006,-2.572,-0.40399999999999997,0.924,1.229475,0
-0.938,-4.277,-1.006,-2.572,-0.40399999999999997,1.2118200000000001,0
-0.062,-0.938,-4.277,-1.006,-2.572,1.07064,0
-6.72,-0.062,-0.938,-4.277,-1.006,1.358072,0
-0.93,-6.72,-0.062,-0.938,-4.277,1.35945,1
1.7990000000000002,-0.93,-6.72,-0.062,-0.938,1.25538,0
-2.7489999999999997,1.7990000000000002,-0.93,-6.72,-0.062,1.340278,1
4.88,-2.7489999999999997,1.7990000000000002,-0.93,-6.72,1.201175,1
5.026,4.88,-2.7489999999999997,1.7990000000000002,-0.93,1.35358,1
0.81,5.026,4.88,-2.7489999999999997,1.7990000000000002,1.17384,1
1.082,0.81,5.026,4.88,-2.7489999999999997,1.2020600000000001,0
-1.653,1.082,0.81,5.026,4.88,1.0101200000000001,1
3.716,-1.653,1.082,0.81,5.026,1.16434,0
-1.089,3.716,-1.653,1.082,0.81,1.09978,0
-1.348,-1.089,3.716,-1.653,1.082,1.10655,1
0.34,-1.348,-1.089,3.716,-1.653,0.9662,0
-4.0,0.34,-1.348,-1.089,3.716,1.18973,1
0.905,-4.0,0.34,-1.348,-1.089,1.276524,0
-0.079,0.905,-4.0,0.34,-1.348,1.314152,0
-2.76,-0.079,0.905,-4.0,0.34,0.9355025,1
2.1069999999999998,-2.76,-0.079,0.905,-4.0,1.24186,0
-0.397,2.1069999999999998,-2.76,-0.079,0.905,1.2217200000000001,0
-0.415,-0.397,2.1069999999999998,-2.76,-0.079,1.1391,1
0.7070000000000001,-0.415,-0.397,2.1069999999999998,-2.76,1.1073600000000001,0
-1.992,0.7070000000000001,-0.415,-0.397,2.1069999999999998,1.00268,0
-2.369,-1.992,0.7070000000000001,-0.415,-0.397,0.9795,1
1.976,-2.369,-1.992,0.7070000000000001,-0.415,1.01586,0
-4.334,1.976,-2.369,-1.992,0.7070000000000001,0.9741,0
-4.217,-4.334,1.976,-2.369,-1.992,1.3367,0
-11.05,-4.217,-4.334,1.976,-2.369,1.9500816000000003,1
7.78,-11.05,-4.217,-4.334,1.976,1.5956,1
2.924,7.78,-11.05,-4.217,-4.334,1.40536,1
1.892,2.924,7.78,-11.05,-4.217,1.311036,0
-1.6640000000000001,1.892,2.924,7.78,-11.05,1.24904,1
2.9,-1.6640000000000001,1.892,2.924,7.78,1.27362,0
-1.5759999999999998,2.9,-1.6640000000000001,1.892,2.924,1.23906,1
3.045,-1.5759999999999998,2.9,-1.6640000000000001,1.892,1.32926,1
1.6369999999999998,3.045,-1.5759999999999998,2.9,-1.6640000000000001,1.3194,1
1.0270000000000001,1.6369999999999998,3.045,-1.5759999999999998,2.9,1.02165,0
-0.9470000000000001,1.0270000000000001,1.6369999999999998,3.045,-1.5759999999999998,1.31216,1
1.655,-0.9470000000000001,1.0270000000000001,1.6369999999999998,3.045,1.40456,0
-3.0410000000000004,1.655,-0.9470000000000001,1.0270000000000001,1.6369999999999998,1.3707799999999999,1
1.9409999999999998,-3.0410000000000004,1.655,-0.9470000000000001,1.0270000000000001,1.45676,1
1.409,1.9409999999999998,-3.0410000000000004,1.655,-0.9470000000000001,0.7561175,1
0.99,1.409,1.9409999999999998,-3.0410000000000004,1.655,1.256625,0
-2.295,0.99,1.409,1.9409999999999998,-3.0410000000000004,1.306,0
-1.5730000000000002,-2.295,0.99,1.409,1.9409999999999998,1.37384,1
0.506,-1.5730000000000002,-2.295,0.99,1.409,1.422175,0
-0.978,0.506,-1.5730000000000002,-2.295,0.99,1.5885200000000002,0
-2.315,-0.978,0.506,-1.5730000000000002,-2.295,1.53904,1
0.726,-2.315,-0.978,0.506,-1.5730000000000002,1.22024,0
-1.2990000000000002,0.726,-2.315,-0.978,0.506,1.35535,1
3.8480000000000003,-1.2990000000000002,0.726,-2.315,-0.978,1.38382,1
2.8739999999999997,3.8480000000000003,-1.2990000000000002,0.726,-2.315,1.52286,1
0.159,2.8739999999999997,3.8480000000000003,-1.2990000000000002,0.726,1.31426,0
-1.4969999999999999,0.159,2.8739999999999997,3.8480000000000003,-1.2990000000000002,1.2623799999999998,0
-0.114,-1.4969999999999999,0.159,2.8739999999999997,3.8480000000000003,1.1523,0
-2.149,-0.114,-1.4969999999999999,0.159,2.8739999999999997,1.16826,0
-1.044,-2.149,-0.114,-1.4969999999999999,0.159,1.31326,1
1.275,-1.044,-2.149,-0.114,-1.4969999999999999,1.2765799999999998,0
-4.342,1.275,-1.044,-2.149,-0.114,1.3670200000000001,0
-0.26899999999999996,-4.342,1.275,-1.044,-2.149,1.40864,0
-1.7180000000000002,-0.26899999999999996,-4.342,1.275,-1.044,1.26084,1
4.891,-1.7180000000000002,-0.26899999999999996,-4.342,1.275,1.2908600000000001,0
-2.0580000000000003,4.891,-1.7180000000000002,-0.26899999999999996,-4.342,1.0809799999999998,0
-1.5390000000000001,-2.0580000000000003,4.891,-1.7180000000000002,-0.26899999999999996,1.16055,0
-3.7119999999999997,-1.5390000000000001,-2.0580000000000003,4.891,-1.7180000000000002,1.40676,0
-1.972,-3.7119999999999997,-1.5390000000000001,-2.0580000000000003,4.891,1.437764,0
-1.8,-1.972,-3.7119999999999997,-1.5390000000000001,-2.0580000000000003,1.33054,1
0.069,-1.8,-1.972,-3.7119999999999997,-1.5390000000000001,1.8212380000000001,0
-0.08,0.069,-1.8,-1.972,-3.7119999999999997,1.368925,0
-6.8389999999999995,-0.08,0.069,-1.8,-1.972,1.607616,0
-7.992000000000001,-6.8389999999999995,-0.08,0.069,-1.8,2.27508,1
0.6,-7.992000000000001,-6.8389999999999995,-0.08,0.069,2.337088,1
1.337,0.6,-7.992000000000001,-6.8389999999999995,-0.08,1.77288,1
5.1370000000000005,1.337,0.6,-7.992000000000001,-6.8389999999999995,1.47432,1
2.215,5.1370000000000005,1.337,0.6,-7.992000000000001,1.32768,1
1.3019999999999998,2.215,5.1370000000000005,1.337,0.6,1.28118,0
-2.635,1.3019999999999998,2.215,5.1370000000000005,1.337,1.13444,0
-2.418,-2.635,1.3019999999999998,2.215,5.1370000000000005,1.311925,0
-0.46,-2.418,-2.635,1.3019999999999998,2.215,1.12524,0
-4.992,-0.46,-2.418,-2.635,1.3019999999999998,1.45356,0
-2.1319999999999997,-4.992,-0.46,-2.418,-2.635,1.572028,0
-3.238,-2.1319999999999997,-4.992,-0.46,-2.418,1.73642,1
4.3389999999999995,-3.238,-2.1319999999999997,-4.992,-0.46,1.8688639999999999,1
5.874,4.3389999999999995,-3.238,-2.1319999999999997,-4.992,1.588958,1
1.499,5.874,4.3389999999999995,-3.238,-2.1319999999999997,1.526214,1
0.369,1.499,5.874,4.3389999999999995,-3.238,1.48526,0
-0.69,0.369,1.499,5.874,4.3389999999999995,1.51748,1
1.6869999999999998,-0.69,0.369,1.499,5.874,1.37452,1
2.2769999999999997,1.6869999999999998,-0.69,0.369,1.499,1.63584,1
0.619,2.2769999999999997,1.6869999999999998,-0.69,0.369,1.2778399999999999,0
-2.572,0.619,2.2769999999999997,1.6869999999999998,-0.69,1.43612,0
-2.494,-2.572,0.619,2.2769999999999997,1.6869999999999998,1.29572,1
0.706,-2.494,-2.572,0.619,2.2769999999999997,1.427646,0
-2.273,0.706,-2.494,-2.572,0.619,0.7624774999999999,1
3.7910000000000004,-2.273,0.706,-2.494,-2.572,1.126575,1
2.089,3.7910000000000004,-2.273,0.706,-2.494,1.49888,0
-2.78,2.089,3.7910000000000004,-2.273,0.706,1.42012,0
-4.478,-2.78,2.089,3.7910000000000004,-2.273,1.5538375,0
-0.662,-4.478,-2.78,2.089,3.7910000000000004,1.5158459999999998,0
-3.04,-0.662,-4.478,-2.78,2.089,1.37372,1
0.627,-3.04,-0.662,-4.478,-2.78,1.33992,1
1.591,0.627,-3.04,-0.662,-4.478,1.229675,0
-0.828,1.591,0.627,-3.04,-0.662,1.34968,0
-1.4580000000000002,-0.828,1.591,0.627,-3.04,1.29318,1
0.528,-1.4580000000000002,-0.828,1.591,0.627,1.5321799999999999,1
7.502999999999999,0.528,-1.4580000000000002,-0.828,1.591,1.6103459999999998,0
-3.605,7.502999999999999,0.528,-1.4580000000000002,-0.828,1.2812,1
1.778,-3.605,7.502999999999999,0.528,-1.4580000000000002,1.4255200000000001,0
-1.2,1.778,-3.605,7.502999999999999,0.528,1.288,1
2.911,-1.2,1.778,-3.605,7.502999999999999,1.40235,1
0.585,2.911,-1.2,1.778,-3.605,1.4802,1
3.4789999999999996,0.585,2.911,-1.2,1.778,1.507782,1
0.358,3.4789999999999996,0.585,2.911,-1.2,1.4667,1
1.167,0.358,3.4789999999999996,0.585,2.911,1.44258,0
-1.173,1.167,0.358,3.4789999999999996,0.585,1.3976600000000001,1
3.2539999999999996,-1.173,1.167,0.358,3.4789999999999996,1.6164,1
2.508,3.2539999999999996,-1.173,1.167,0.358,1.6523400000000001,1
0.086,2.508,3.2539999999999996,-1.173,1.167,1.38542,1
0.716,0.086,2.508,3.2539999999999996,-1.173,1.50852,0
-1.955,0.716,0.086,2.508,3.2539999999999996,1.38016,1
0.971,-1.955,0.716,0.086,2.508,1.33565,1
1.262,0.971,-1.955,0.716,0.086,1.45824,0
-0.483,1.262,0.971,-1.955,0.716,1.53122,1
0.54,-0.483,1.262,0.971,-1.955,1.40262,0
-1.855,0.54,-0.483,1.262,0.971,1.4456,0
-0.261,-1.855,0.54,-0.483,1.262,1.32746,1
1.338,-0.261,-1.855,0.54,-0.483,1.0372940000000002,1
0.24100000000000002,1.338,-0.261,-1.855,0.54,1.271,1
1.505,0.24100000000000002,1.338,-0.261,-1.855,1.0624200000000001,1
1.327,1.505,0.24100000000000002,1.338,-0.261,1.5163,0
-0.27,1.327,1.505,0.24100000000000002,1.338,1.37376,1
1.735,-0.27,1.327,1.505,0.24100000000000002,1.3820219999999999,0
-3.807,1.735,-0.27,1.327,1.505,1.4278,1
3.31,-3.807,1.735,-0.27,1.327,1.47262,1
0.797,3.31,-3.807,1.735,-0.27,1.25092,1
0.121,0.797,3.31,-3.807,1.735,1.32064,0
-1.002,0.121,0.797,3.31,-3.807,1.46848,1
2.119,-1.002,0.121,0.797,3.31,1.53844,1
0.23800000000000002,2.119,-1.002,0.121,0.797,1.4184,0
-0.272,0.23800000000000002,2.119,-1.002,0.121,1.2989,0
-1.435,-0.272,0.23800000000000002,2.119,-1.002,1.3310600000000001,1
2.214,-1.435,-0.272,0.23800000000000002,2.119,1.0553549999999998,1
0.312,2.214,-1.435,-0.272,0.23800000000000002,1.38578,1
1.1909999999999998,0.312,2.214,-1.435,-0.272,1.3585200000000002,1
1.3519999999999999,1.1909999999999998,0.312,2.214,-1.435,1.54952,1
0.664,1.3519999999999999,1.1909999999999998,0.312,2.214,0.8177825,1
1.149,0.664,1.3519999999999999,1.1909999999999998,0.312,1.063025,1
1.207,1.149,0.664,1.3519999999999999,1.1909999999999998,1.67334,1
1.6019999999999999,1.207,1.149,0.664,1.3519999999999999,1.6073600000000001,1
0.151,1.6019999999999999,1.207,1.149,0.664,1.677675,0
-0.9129999999999999,0.151,1.6019999999999999,1.207,1.149,1.71052,1
1.028,-0.9129999999999999,0.151,1.6019999999999999,1.207,1.55102,1
0.267,1.028,-0.9129999999999999,0.151,1.6019999999999999,1.44004,0
-0.14800000000000002,0.267,1.028,-0.9129999999999999,0.151,1.455325,1
0.073,-0.14800000000000002,0.267,1.028,-0.9129999999999999,1.4418,1
1.041,0.073,-0.14800000000000002,0.267,1.028,1.39432,0
-3.137,1.041,0.073,-0.14800000000000002,0.267,1.5361200000000002,0
-0.963,-3.137,1.041,0.073,-0.14800000000000002,1.4836,0
-0.155,-0.963,-3.137,1.041,0.073,1.44582,1
3.0460000000000003,-0.155,-0.963,-3.137,1.041,1.4977,0
-0.218,3.0460000000000003,-0.155,-0.963,-3.137,1.3675,0
-0.413,-0.218,3.0460000000000003,-0.155,-0.963,1.4259600000000001,1
0.528,-0.413,-0.218,3.0460000000000003,-0.155,1.5328600000000001,0
-2.92,0.528,-0.413,-0.218,3.0460000000000003,1.63158,0
-0.777,-2.92,0.528,-0.413,-0.218,1.57312,0
-0.273,-0.777,-2.92,0.528,-0.413,1.57936,0
-0.195,-0.273,-0.777,-2.92,0.528,1.36026,1
2.48,-0.195,-0.273,-0.777,-2.92,1.3525399999999999,1
0.162,2.48,-0.195,-0.273,-0.777,1.20935,1
1.245,0.162,2.48,-0.195,-0.273,1.209875,0
-0.128,1.245,0.162,2.48,-0.195,1.2982,0
-0.052000000000000005,-0.128,1.245,0.162,2.48,1.43164,0
-0.7979999999999999,-0.052000000000000005,-0.128,1.245,0.162,1.3568200000000001,0
-1.117,-0.7979999999999999,-0.052000000000000005,-0.128,1.245,1.299825,0
-1.026,-1.117,-0.7979999999999999,-0.052000000000000005,-0.128,1.3270600000000001,0
-1.379,-1.026,-1.117,-0.7979999999999999,-0.052000000000000005,1.4927,1
1.429,-1.379,-1.026,-1.117,-0.7979999999999999,1.48136,0
-3.426,1.429,-1.379,-1.026,-1.117,1.38038,1
0.078,-3.426,1.429,-1.379,-1.026,1.26444,1
3.1510000000000002,0.078,-3.426,1.429,-1.379,1.24116,1
0.858,3.1510000000000002,0.078,-3.426,1.429,1.03512,1
0.529,0.858,3.1510000000000002,0.078,-3.426,1.033194,1
0.924,0.529,0.858,3.1510000000000002,0.078,1.2733,1
0.41200000000000003,0.924,0.529,0.858,3.1510000000000002,1.25936,0
-1.6340000000000001,0.41200000000000003,0.924,0.529,0.858,1.28884,1
1.9269999999999998,-1.6340000000000001,0.41200000000000003,0.924,0.529,1.47864,0
-0.8270000000000001,1.9269999999999998,-1.6340000000000001,0.41200000000000003,0.924,1.42164,0
-1.242,-0.8270000000000001,1.9269999999999998,-1.6340000000000001,0.41200000000000003,1.38894,0
-1.124,-1.242,-0.8270000000000001,1.9269999999999998,-1.6340000000000001,1.58782,1
3.145,-1.124,-1.242,-0.8270000000000001,1.9269999999999998,1.58736,1
3.1830000000000003,3.145,-1.124,-1.242,-0.8270000000000001,1.6659,1
1.544,3.1830000000000003,3.145,-1.124,-1.242,1.4476799999999999,0
-1.168,1.544,3.1830000000000003,3.145,-1.124,1.49704,1
1.052,-1.168,1.544,3.1830000000000003,3.145,1.118795,1
0.72,1.052,-1.168,1.544,3.1830000000000003,1.6092799999999998,0
-0.266,0.72,1.052,-1.168,1.544,1.4963799999999998,1
0.522,-0.266,0.72,1.052,-1.168,1.7610400000000002,1
1.334,0.522,-0.266,0.72,1.052,1.31335,1
0.14800000000000002,1.334,0.522,-0.266,0.72,0.8895200000000001,0
-2.123,0.14800000000000002,1.334,0.522,-0.266,1.60354,0
-0.141,-2.123,0.14800000000000002,1.334,0.522,1.4774,0
-1.406,-0.141,-2.123,0.14800000000000002,1.334,1.60775,1
0.299,-1.406,-0.141,-2.123,0.14800000000000002,1.59666,1
2.7039999999999997,0.299,-1.406,-0.141,-2.123,1.6252280000000001,1
0.18899999999999997,2.7039999999999997,0.299,-1.406,-0.141,1.46569,0
-0.308,0.18899999999999997,2.7039999999999997,0.299,-1.406,1.487736,1
0.8140000000000001,-0.308,0.18899999999999997,2.7039999999999997,0.299,1.572115,1
0.887,0.8140000000000001,-0.308,0.18899999999999997,2.7039999999999997,1.665028,0
-1.8030000000000002,0.887,0.8140000000000001,-0.308,0.18899999999999997,1.5541459999999998,0
-0.8690000000000001,-1.8030000000000002,0.887,0.8140000000000001,-0.308,1.70609,0
-1.5319999999999998,-0.8690000000000001,-1.8030000000000002,0.887,0.8140000000000001,1.975625,1
0.128,-1.5319999999999998,-0.8690000000000001,-1.8030000000000002,0.887,2.0899,1
0.706,0.128,-1.5319999999999998,-0.8690000000000001,-1.8030000000000002,1.861984,0
-3.266,0.706,0.128,-1.5319999999999998,-0.8690000000000001,2.119976,1
0.831,-3.266,0.706,0.128,-1.5319999999999998,2.178972,1
0.41100000000000003,0.831,-3.266,0.706,0.128,2.090184,1
1.253,0.41100000000000003,0.831,-3.266,0.706,2.031568,0
-1.4769999999999999,1.253,0.41100000000000003,0.831,-3.266,1.9531060000000002,1
3.053,-1.4769999999999999,1.253,0.41100000000000003,0.831,1.8836099999999998,1
0.799,3.053,-1.4769999999999999,1.253,0.41100000000000003,1.6279780000000001,0
-0.23,0.799,3.053,-1.4769999999999999,1.253,1.7730225,1
0.175,-0.23,0.799,3.053,-1.4769999999999999,1.7204560000000002,1
1.5730000000000002,0.175,-0.23,0.799,3.053,1.87667,0
-2.086,1.5730000000000002,0.175,-0.23,0.799,1.94144,1
0.24100000000000002,-2.086,1.5730000000000002,0.175,-0.23,1.7967240000000002,1
1.4580000000000002,0.24100000000000002,-2.086,1.5730000000000002,0.175,1.885635,1
1.325,1.4580000000000002,0.24100000000000002,-2.086,1.5730000000000002,1.871184,1
0.469,1.325,1.4580000000000002,0.24100000000000002,-2.086,1.91671,1
0.040999999999999995,0.469,1.325,1.4580000000000002,0.24100000000000002,1.877768,0
-0.629,0.040999999999999995,0.469,1.325,1.4580000000000002,1.934294,1
0.324,-0.629,0.040999999999999995,0.469,1.325,1.904968,0
-0.868,0.324,-0.629,0.040999999999999995,0.469,1.7218799999999999,0
-1.198,-0.868,0.324,-0.629,0.040999999999999995,1.6685900000000002,1
1.072,-1.198,-0.868,0.324,-0.629,1.95029,1
1.926,1.072,-1.198,-0.868,0.324,1.9869325,0
-0.28800000000000003,1.926,1.072,-1.198,-0.868,2.247794,0
-1.827,-0.28800000000000003,1.926,1.072,-1.198,2.268336,1
1.112,-1.827,-0.28800000000000003,1.926,1.072,2.075822,0
-2.678,1.112,-1.827,-0.28800000000000003,1.926,2.38076,0
-0.78,-2.678,1.112,-1.827,-0.28800000000000003,2.3052799999999998,0
-0.588,-0.78,-2.678,1.112,-1.827,2.408668,1
1.595,-0.588,-0.78,-2.678,1.112,2.350556,1
1.8130000000000002,1.595,-0.588,-0.78,-2.678,2.48811,1
1.195,1.8130000000000002,1.595,-0.588,-0.78,2.0637380000000003,1
1.097,1.195,1.8130000000000002,1.595,-0.588,2.226412,1
1.601,1.097,1.195,1.8130000000000002,1.595,1.7797775000000002,0
-0.25,1.601,1.097,1.195,1.8130000000000002,2.280068,0
-0.451,-0.25,1.601,1.097,1.195,2.121,1
0.631,-0.451,-0.25,1.601,1.097,2.235374,1
0.106,0.631,-0.451,-0.25,1.601,1.888996,0
-1.6059999999999999,0.106,0.631,-0.451,-0.25,1.4472174999999998,1
2.977,-1.6059999999999999,0.106,0.631,-0.451,2.48745,1
0.168,2.977,-1.6059999999999999,0.106,0.631,2.321112,0
-2.029,0.168,2.977,-1.6059999999999999,0.106,2.42575,1
1.7619999999999998,-2.029,0.168,2.977,-1.6059999999999999,2.59245,0
-1.534,1.7619999999999998,-2.029,0.168,2.977,2.485592,1
0.23399999999999999,-1.534,1.7619999999999998,-2.029,0.168,2.337512,1
1.598,0.23399999999999999,-1.534,1.7619999999999998,-2.029,2.197072,1
0.17,1.598,0.23399999999999999,-1.534,1.7619999999999998,2.10098,0
-0.171,0.17,1.598,0.23399999999999999,-1.534,2.260408,0
-0.451,-0.171,0.17,1.598,0.23399999999999999,2.250934,1
2.016,-0.451,-0.171,0.17,1.598,2.27408,0
-0.32899999999999996,2.016,-0.451,-0.171,0.17,2.094204,0
-0.62,-0.32899999999999996,2.016,-0.451,-0.171,2.170618,1
0.049,-0.62,-0.32899999999999996,2.016,-0.451,2.285182,0
-0.49200000000000005,0.049,-0.62,-0.32899999999999996,2.016,1.9903099999999998,1
1.719,-0.49200000000000005,0.049,-0.62,-0.32899999999999996,2.34859,0
-0.051,1.719,-0.49200000000000005,0.049,-0.62,2.435666,1
1.156,-0.051,1.719,-0.49200000000000005,0.049,2.3923900000000002,0
-2.6039999999999996,1.156,-0.051,1.719,-0.49200000000000005,2.335326,0
-1.875,-2.6039999999999996,1.156,-0.051,1.719,2.648372,1
1.036,-1.875,-2.6039999999999996,1.156,-0.051,2.512808,1
0.63,1.036,-1.875,-2.6039999999999996,1.156,2.3810125,0
-2.7880000000000003,0.63,1.036,-1.875,-2.6039999999999996,2.682616,0
-0.061,-2.7880000000000003,0.63,1.036,-1.875,2.7379279999999997,0
-0.563,-0.061,-2.7880000000000003,0.63,1.036,2.255366,1
2.065,-0.563,-0.061,-2.7880000000000003,0.63,2.367602,0
-0.37200000000000005,2.065,-0.563,-0.061,-2.7880000000000003,1.8192125,0
-2.314,-0.37200000000000005,2.065,-0.563,-0.061,2.2857540000000003,1
0.331,-2.314,-0.37200000000000005,2.065,-0.563,2.475962,1
3.085,0.331,-2.314,-0.37200000000000005,2.065,2.560298,1
0.063,3.085,0.331,-2.314,-0.37200000000000005,2.57183,0
-0.986,0.063,3.085,0.331,-2.314,2.293082,1
2.807,-0.986,0.063,3.085,0.331,2.299788,0
-0.5539999999999999,2.807,-0.986,0.063,3.085,1.83191,1
1.229,-0.5539999999999999,2.807,-0.986,0.063,1.952878,0
-0.922,1.229,-0.5539999999999999,2.807,-0.986,2.2257724999999997,1
1.597,-0.922,1.229,-0.5539999999999999,2.807,2.6888959999999997,0
-0.37,1.597,-0.922,1.229,-0.5539999999999999,2.409864,1
1.6030000000000002,-0.37,1.597,-0.922,1.229,2.560806,1
1.0290000000000001,1.6030000000000002,-0.37,1.597,-0.922,2.6394580000000003,1
1.188,1.0290000000000001,1.6030000000000002,-0.37,1.597,2.365916,1
0.218,1.188,1.0290000000000001,1.6030000000000002,-0.37,2.5261240000000003,1
0.639,0.218,1.188,1.0290000000000001,1.6030000000000002,2.712532,0
-0.9470000000000001,0.639,0.218,1.188,1.0290000000000001,2.692108,1
1.217,-0.9470000000000001,0.639,0.218,1.188,2.6574020000000003,1
1.47,1.217,-0.9470000000000001,0.639,0.218,2.761356,0
-0.018000000000000002,1.47,1.217,-0.9470000000000001,0.639,2.0537275,0
-0.303,-0.018000000000000002,1.47,1.217,-0.9470000000000001,2.9898279999999997,1
0.94,-0.303,-0.018000000000000002,1.47,1.217,2.686182,1
1.224,0.94,-0.303,-0.018000000000000002,1.47,2.707922,0
-1.1440000000000001,1.224,0.94,-0.303,-0.018000000000000002,2.328566,1
0.534,-1.1440000000000001,1.224,0.94,-0.303,1.5411125,0
-0.606,0.534,-1.1440000000000001,1.224,0.94,3.1176733,1
1.4909999999999999,-0.606,0.534,-1.1440000000000001,1.224,2.822146,0
-0.016,1.4909999999999999,-0.606,0.534,-1.1440000000000001,2.7224275000000002,0
-0.5820000000000001,-0.016,1.4909999999999999,-0.606,0.534,2.783864,1
1.8430000000000002,-0.5820000000000001,-0.016,1.4909999999999999,-0.606,2.7795520000000002,0
-0.713,1.8430000000000002,-0.5820000000000001,-0.016,1.4909999999999999,2.68699,1
1.216,-0.713,1.8430000000000002,-0.5820000000000001,-0.016,2.527498,0
-0.299,1.216,-0.713,1.8430000000000002,-0.5820000000000001,2.36889,0
-4.412,-0.299,1.216,-0.713,1.8430000000000002,3.599964,1
1.13,-4.412,-0.299,1.216,-0.713,3.123586,0
-1.133,1.13,-4.412,-0.299,1.216,3.2246919999999997,1
3.5439999999999996,-1.133,1.13,-4.412,-0.299,2.901376,0
-1.062,3.5439999999999996,-1.133,1.13,-4.412,2.8373619999999997,1
1.6119999999999999,-1.062,3.5439999999999996,-1.133,1.13,2.6927974999999997,1
0.63,1.6119999999999999,-1.062,3.5439999999999996,-1.133,2.65406,1
2.168,0.63,1.6119999999999999,-1.062,3.5439999999999996,3.001118,1
0.655,2.168,0.63,1.6119999999999999,-1.062,2.9783939999999998,1
0.773,0.655,2.168,0.63,1.6119999999999999,3.090694,1
0.015,0.773,0.655,2.168,0.63,2.805676,1
1.122,0.015,0.773,0.655,2.168,2.918038,0
-0.461,1.122,0.015,0.773,0.655,3.01838,1
1.36,-0.461,1.122,0.015,0.773,2.9536375,0
-1.8659999999999999,1.36,-0.461,1.122,0.015,3.0349,1
1.6740000000000002,-1.8659999999999999,1.36,-0.461,1.122,2.9758139999999997,0
-1.98,1.6740000000000002,-1.8659999999999999,1.36,-0.461,3.217232,1
0.053,-1.98,1.6740000000000002,-1.8659999999999999,1.36,3.25121,1
1.8019999999999998,0.053,-1.98,1.6740000000000002,-1.8659999999999999,2.3175625,1
1.4409999999999998,1.8019999999999998,0.053,-1.98,1.6740000000000002,3.06665,0
-1.185,1.4409999999999998,1.8019999999999998,0.053,-1.98,3.2635400000000003,0
-4.899,-1.185,1.4409999999999998,1.8019999999999998,0.053,4.151786,0
-1.775,-4.899,-1.185,1.4409999999999998,1.8019999999999998,4.510208,1
1.436,-1.775,-4.899,-1.185,1.4409999999999998,5.342306,0
-0.53,1.436,-1.775,-4.899,-1.185,4.3762360000000005,1
2.312,-0.53,1.436,-1.775,-4.899,3.05368,0
-0.364,2.312,-0.53,1.436,-1.775,2.724582,0
-1.3869999999999998,-0.364,2.312,-0.53,1.436,2.8522175,1
2.112,-1.3869999999999998,-0.364,2.312,-0.53,2.851118,1
2.7960000000000003,2.112,-1.3869999999999998,-0.364,2.312,3.358248,1
0.066,2.7960000000000003,2.112,-1.3869999999999998,-0.364,3.0708,1
2.02,0.066,2.7960000000000003,2.112,-1.3869999999999998,3.011736,1
0.27,2.02,0.066,2.7960000000000003,2.112,2.94348,0
-3.917,0.27,2.02,0.066,2.7960000000000003,3.4752199999999998,1
2.309,-3.917,0.27,2.02,0.066,3.7160660000000005,0
-1.669,2.309,-3.917,0.27,2.02,3.7635059999999996,0
-3.7060000000000004,-1.669,2.309,-3.917,0.27,4.415684,1
0.34700000000000003,-3.7060000000000004,-1.669,2.309,-3.917,4.095036,0
-1.237,0.34700000000000003,-3.7060000000000004,-1.669,2.309,3.6709375,1
2.807,-1.237,0.34700000000000003,-3.7060000000000004,-1.669,4.0964279999999995,1
1.588,2.807,-1.237,0.34700000000000003,-3.7060000000000004,3.4153620000000005,0
-2.44,1.588,2.807,-1.237,0.34700000000000003,3.702056,1
1.125,-2.44,1.588,2.807,-1.237,3.7459,0
-0.402,1.125,-2.44,1.588,2.807,2.01605,0
-4.522,-0.402,1.125,-2.44,1.588,3.3722575,0
-0.752,-4.522,-0.402,1.125,-2.44,4.788802,0
-5.412000000000001,-0.752,-4.522,-0.402,1.125,5.006464,1
0.409,-5.412000000000001,-0.752,-4.522,-0.402,5.10098,1
4.871,0.409,-5.412000000000001,-0.752,-4.522,4.539542,0
-4.596,4.871,0.409,-5.412000000000001,-0.752,4.035458,1
1.405,-4.596,4.871,0.409,-5.412000000000001,3.744452,1
0.231,1.405,-4.596,4.871,0.409,3.6883475,0
-1.661,0.231,1.405,-4.596,4.871,4.0464839999999995,0
-2.8,-1.661,0.231,1.405,-4.596,4.408266,0
-0.40399999999999997,-2.8,-1.661,0.231,1.405,4.802348,1
3.2119999999999997,-0.40399999999999997,-2.8,-1.661,0.231,4.5919225,0
-1.075,3.2119999999999997,-0.40399999999999997,-2.8,-1.661,4.0849400000000005,1
4.195,-1.075,3.2119999999999997,-0.40399999999999997,-2.8,4.17555,0
-2.742,4.195,-1.075,3.2119999999999997,-0.40399999999999997,3.663378,1
4.314,-2.742,4.195,-1.075,3.2119999999999997,3.868576,1
0.54,4.314,-2.742,4.195,-1.075,3.939778,1
1.149,0.54,4.314,-2.742,4.195,4.066604,0
-1.8119999999999998,1.149,0.54,4.314,-2.742,3.7512440000000002,1
2.67,-1.8119999999999998,1.149,0.54,4.314,3.809532,0
-3.467,2.67,-1.8119999999999998,1.149,0.54,3.9057239999999998,1
1.777,-3.467,2.67,-1.8119999999999998,1.149,3.8140425000000002,0
-2.835,1.777,-3.467,2.67,-1.8119999999999998,4.314358,0
-0.048,-2.835,1.777,-3.467,2.67,4.5268559999999995,0
-3.096,-0.048,-2.835,1.777,-3.467,4.443808,0
-3.0010000000000003,-3.096,-0.048,-2.835,1.777,5.03132,0
-1.2109999999999999,-3.0010000000000003,-3.096,-0.048,-2.835,4.850575,0
-1.854,-1.2109999999999999,-3.0010000000000003,-3.096,-0.048,5.812632,1
1.71,-1.854,-1.2109999999999999,-3.0010000000000003,-3.096,6.511124,0
-0.23199999999999998,1.71,-1.854,-1.2109999999999999,-3.0010000000000003,5.663448000000001,1
0.203,-0.23199999999999998,1.71,-1.854,-1.2109999999999999,5.07189,1
2.8569999999999998,0.203,-0.23199999999999998,1.71,-1.854,4.18824,1
0.145,2.8569999999999998,0.203,-0.23199999999999998,1.71,4.534404,0
-0.462,0.145,2.8569999999999998,0.203,-0.23199999999999998,4.063548,0
-0.725,-0.462,0.145,2.8569999999999998,0.203,3.530036,0
-3.159,-0.725,-0.462,0.145,2.8569999999999998,5.017530000000001,1
0.7559999999999999,-3.159,-0.725,-0.462,0.145,6.883584,1
0.27,0.7559999999999999,-3.159,-0.725,-0.462,9.328214,0
-3.3310000000000004,0.27,0.7559999999999999,-3.159,-0.725,5.319894000000001,0
-9.399,-3.3310000000000004,0.27,0.7559999999999999,-3.159,6.205326,0
-18.195,-9.399,-3.3310000000000004,0.27,0.7559999999999999,8.4033579,1
4.596,-18.195,-9.399,-3.3310000000000004,0.27,7.306794,0
-6.781000000000001,4.596,-18.195,-9.399,-3.3310000000000004,6.035936,1
10.491,-6.781000000000001,4.596,-18.195,-9.399,6.460596,0
-3.898,10.491,-6.781000000000001,4.596,-18.195,5.296816000000001,0
-6.1979999999999995,-3.898,10.491,-6.781000000000001,4.596,5.812933999999999,0
-8.389,-6.1979999999999995,-3.898,10.491,-6.781000000000001,7.34904,1
12.026,-8.389,-6.1979999999999995,-3.898,10.491,5.841565,0
-2.251,12.026,-8.389,-6.1979999999999995,-3.898,6.09395,1
0.418,-2.251,12.026,-8.389,-6.1979999999999995,5.932454,1
0.9259999999999999,0.418,-2.251,12.026,-8.389,5.855972,0
-1.6980000000000002,0.9259999999999999,0.418,-2.251,12.026,3.0871049999999998,1
6.76,-1.6980000000000002,0.9259999999999999,0.418,-2.251,3.79311,0
-4.448,6.76,-1.6980000000000002,0.9259999999999999,0.418,5.043904,0
-4.518,-4.448,6.76,-1.6980000000000002,0.9259999999999999,5.948758,0
-2.137,-4.518,-4.448,6.76,-1.6980000000000002,6.1297625,0
-0.73,-2.137,-4.518,-4.448,6.76,5.602004,1
5.172999999999999,-0.73,-2.137,-4.518,-4.448,6.217632,0
-4.808,5.172999999999999,-0.73,-2.137,-4.518,6.0088219,0
-6.867999999999999,-4.808,5.172999999999999,-0.73,-2.137,6.4015151,0
-4.54,-6.867999999999999,-4.808,5.172999999999999,-0.73,7.5507758,0
-7.035,-4.54,-6.867999999999999,-4.808,5.172999999999999,7.592844,1
10.707,-7.035,-4.54,-6.867999999999999,-4.808,7.4594358,1
1.585,10.707,-7.035,-4.54,-6.867999999999999,7.963276,1
6.167999999999999,1.585,10.707,-7.035,-4.54,6.952819900000001,1
3.255,6.167999999999999,1.585,10.707,-7.035,6.2868699,1
1.669,3.255,6.167999999999999,1.585,10.707,6.226187599999999,1
1.5219999999999998,1.669,3.255,6.167999999999999,1.585,6.8393019,0
-0.38799999999999996,1.5219999999999998,1.669,3.255,6.167999999999999,7.083169900000001,1
1.3030000000000002,-0.38799999999999996,1.5219999999999998,1.669,3.255,6.043558,1
5.893,1.3030000000000002,-0.38799999999999996,1.5219999999999998,1.669,7.952024000000001,0
-4.988,5.893,1.3030000000000002,-0.38799999999999996,1.5219999999999998,6.337752,1
0.467,-4.988,5.893,1.3030000000000002,-0.38799999999999996,6.339728,1
3.623,0.467,-4.988,5.893,1.3030000000000002,5.7888125,1
2.279,3.623,0.467,-4.988,5.893,5.66247,1
0.6509999999999999,2.279,3.623,0.467,-4.988,4.866352,0
-2.64,0.6509999999999999,2.279,3.623,0.467,5.114026,0
-0.253,-2.64,0.6509999999999999,2.279,3.623,5.119916,0
-2.4459999999999997,-0.253,-2.64,0.6509999999999999,2.279,4.172432499999999,0
-1.929,-2.4459999999999997,-0.253,-2.64,0.6509999999999999,4.673382,1
6.9670000000000005,-1.929,-2.4459999999999997,-0.253,-2.64,4.785464,1
4.1339999999999995,6.9670000000000005,-1.929,-2.4459999999999997,-0.253,5.0033,1
0.8390000000000001,4.1339999999999995,6.9670000000000005,-1.929,-2.4459999999999997,5.294932,1
2.329,0.8390000000000001,4.1339999999999995,6.9670000000000005,-1.929,6.4279459,0
-0.632,2.329,0.8390000000000001,4.1339999999999995,6.9670000000000005,5.3737639999999995,1
2.195,-0.632,2.329,0.8390000000000001,4.1339999999999995,4.66465,1
0.273,2.195,-0.632,2.329,0.8390000000000001,5.744582,0
-1.218,0.273,2.195,-0.632,2.329,5.2862599999999995,1
2.591,-1.218,0.273,2.195,-0.632,5.1379225,1
2.452,2.591,-1.218,0.273,2.195,6.0469679,0
-2.239,2.452,2.591,-1.218,0.273,5.081302,0
-1.8359999999999999,-2.239,2.452,2.591,-1.218,5.2100800000000005,1
4.513999999999999,-1.8359999999999999,-2.239,2.452,2.591,4.46671,1
1.511,4.513999999999999,-1.8359999999999999,-2.239,2.452,4.7403699999999995,0
-0.743,1.511,4.513999999999999,-1.8359999999999999,-2.239,5.118466000000001,0
-4.021,-0.743,1.511,4.513999999999999,-1.8359999999999999,6.081714,1
3.195,-4.021,-0.743,1.511,4.513999999999999,5.2902260000000005,1
2.261,3.195,-4.021,-0.743,1.511,4.218872,0
-0.192,2.261,3.195,-4.021,-0.743,4.122504,1
0.01,-0.192,2.261,3.195,-4.021,3.2319999999999998,1
1.328,0.01,-0.192,2.261,3.195,4.535468,1
0.039,1.328,0.01,-0.192,2.261,4.150876,0
-0.35600000000000004,0.039,1.328,0.01,-0.192,5.672874,1
2.178,-0.35600000000000004,0.039,1.328,0.01,3.0132625,0
-1.01,2.178,-0.35600000000000004,0.039,1.328,2.3904275,1
2.68,-1.01,2.178,-0.35600000000000004,0.039,4.22307,0
-0.782,2.68,-1.01,2.178,-0.35600000000000004,4.363246,0
-3.897,-0.782,2.68,-1.01,2.178,5.6545824,0
-1.639,-3.897,-0.782,2.68,-1.01,5.079534,0
-0.715,-1.639,-3.897,-0.782,2.68,5.082237999999999,1
0.8740000000000001,-0.715,-1.639,-3.897,-0.782,4.403416,1
3.13,0.8740000000000001,-0.715,-1.639,-3.897,4.040725,0
-0.42200000000000004,3.13,0.8740000000000001,-0.715,-1.639,4.194033999999999,1
3.097,-0.42200000000000004,3.13,0.8740000000000001,-0.715,4.002330000000001,1
0.991,3.097,-0.42200000000000004,3.13,0.8740000000000001,4.805318,1
0.862,0.991,3.097,-0.42200000000000004,3.13,4.5888,1
0.5770000000000001,0.862,0.991,3.097,-0.42200000000000004,4.751278,1
0.987,0.5770000000000001,0.862,0.991,3.097,4.2379475,1
1.381,0.987,0.5770000000000001,0.862,0.991,4.4615540000000005,0
-0.188,1.381,0.987,0.5770000000000001,0.862,5.974901999999999,1
2.11,-0.188,1.381,0.987,0.5770000000000001,5.800096,0
-2.513,2.11,-0.188,1.381,0.987,6.310455999999999,0
-6.388,-2.513,2.11,-0.188,1.381,7.683886,1
2.2319999999999998,-6.388,-2.513,2.11,-0.188,5.79175,0
-4.226,2.2319999999999998,-6.388,-2.513,2.11,6.5280519,1
0.158,-4.226,2.2319999999999998,-6.388,-2.513,5.528868,0
-2.252,0.158,-4.226,2.2319999999999998,-6.388,5.3685975,1
2.509,-2.252,0.158,-4.226,2.2319999999999998,5.369514,1
2.374,2.509,-2.252,0.158,-4.226,4.637208,0
-3.6460000000000004,2.374,2.509,-2.252,0.158,4.699712,0
-5.032,-3.6460000000000004,2.374,2.509,-2.252,5.100892,1
5.416,-5.032,-3.6460000000000004,2.374,2.509,4.4193725,0
-1.213,5.416,-5.032,-3.6460000000000004,2.374,4.487664,1
3.548,-1.213,5.416,-5.032,-3.6460000000000004,4.580286,0
-0.096,3.548,-1.213,5.416,-5.032,4.271319999999999,1
1.819,-0.096,3.548,-1.213,5.416,3.96346,0
-3.779,1.819,-0.096,3.548,-1.213,3.906558,0
-0.7,-3.779,1.819,-0.096,3.548,3.7774059999999996,0
-0.6629999999999999,-0.7,-3.779,1.819,-0.096,3.9513279999999997,1
3.75,-0.6629999999999999,-0.7,-3.779,1.819,3.7184699999999995,1
0.456,3.75,-0.6629999999999999,-0.7,-3.779,3.1952375,1
1.446,0.456,3.75,-0.6629999999999999,-0.7,3.972432,1
2.05,1.446,0.456,3.75,-0.6629999999999999,3.884522,0
-0.212,2.05,1.446,0.456,3.75,4.0374099999999995,1
1.65,-0.212,2.05,1.446,0.456,3.905616,1
0.948,1.65,-0.212,2.05,1.446,4.44916,1
0.586,0.948,1.65,-0.212,2.05,4.576282,1
0.015,0.586,0.948,1.65,-0.212,4.116414,1
3.5989999999999998,0.015,0.586,0.948,1.65,4.798758,0
-2.173,3.5989999999999998,0.015,0.586,0.948,4.298262,1
0.043,-2.173,3.5989999999999998,0.015,0.586,4.177436,0
-0.861,0.043,-2.173,3.5989999999999998,0.015,3.20516,1
2.969,-0.861,0.043,-2.173,3.5989999999999998,4.242568,1
1.281,2.969,-0.861,0.043,-2.173,4.835082,1
0.28300000000000003,1.281,2.969,-0.861,0.043,4.454044000000001,1
1.034,0.28300000000000003,1.281,2.969,-0.861,2.707105,1
